ID,CLIENT ID,PEOPLEID
609,2001,100
609,2002,101
609,2003,102
610,2004,100
610,2005,101
610,2006,102
611,2007,103
611,2008,104
611,2009,105
612,2010,106
612,2011,107
612,2012,108
613,2013,109
613,2014,110
613,2015,111
613,2016,112
613,2017,113
614,2018,114
614,2019,115
615,2020,116
615,2021,117
615,2022,118
615,2023,119
616,2024,120
616,2025,121
616,2026,122
617,2027,123
617,2028,124
618,2029,125
618,2030,126
618,2031,127
619,2032,128
619,2033,129
619,2034,130
619,2035,131
620,2036,132
620,2037,133
621,2038,134
621,2039,135
621,2040,136
622,2041,137
622,2042,138
623,2043,139
623,2044,140
623,2045,141
623,2046,142
623,2047,143
623,2048,144
624,2049,145
624,2050,146
624,2051,147
625,2052,148
625,2053,149
625,2054,150
626,2055,151
626,2056,152
626,2057,153
627,2058,154
627,2059,155
627,2060,156
628,2061,157
629,2062,158
629,2063,159
630,2064,160
630,2065,161
631,2066,162
631,2067,163
631,2068,164
632,2069,165
633,2070,166
634,2071,167
634,2072,168
645,2073,169
635,2074,170
636,2075,171
636,2076,172
636,2077,173
637,2078,174
637,2079,175
637,2080,176
638,2081,177
638,2082,178
639,2083,179
639,2084,180
640,2085,181
641,2086,182
642,2087,183
642,2088,184
642,2089,185
642,2090,186
641,2091,187
644,2092,188
645,2093,189
645,2094,190
645,2095,191
646,2096,192
647,2097,193
647,2098,194
648,2099,195
648,2100,196
649,2101,197
650,2102,198
651,2103,199
651,2104,200
652,2105,201
653,2106,202
653,2107,203
653,2108,204
653,2109,205
655,2110,206
657,2111,207
656,2112,208
655,2113,209
655,2114,210
658,2115,211
659,2116,212
659,2117,213
660,2118,214
661,2119,215
662,2120,216
663,2121,217
663,2122,218
664,2123,219
665,2124,220
666,2125,221
666,2126,222
666,2127,223
666,2128,224
666,2129,225
661,2130,226
662,2131,227
664,2132,228
665,2133,229
659,2134,230
652,2135,231
653,2136,232
627,2137,233
626,2138,234
647,2139,235
648,2140,236
649,2141,237
655,2142,238
651,2143,239
658,2144,240
653,2145,241
658,2146,242
611,2147,243
608,2148,244
608,2149,245
604,2150,246
609,2151,247
603,2152,248
608,2153,249
626,2154,250
655,2155,251
653,2156,252
657,2157,253
645,2158,254
654,2159,255
651,2160,256
